{
  "project_info": {
    "project_number": "275313479574",
    "project_id": "voczilla-d2d79",
    "storage_bucket": "voczilla-d2d79.firebasestorage.app"
  },
  "client": [
    {
      "client_info": {
        "mobilesdk_app_id": "1:275313479574:android:0eba575c3cd76f81f097b7",
        "android_client_info": {
          "package_name": "com.geoffreypetain.voczilla.voczilla"
        }
      },
      "oauth_client": [
        {
          "client_id": "275313479574-n7og0bhk14ib7j43gipmkpe6r9bvuj4p.apps.googleusercontent.com",
          "client_type": 1,
          "android_info": {
            "package_name": "com.geoffreypetain.voczilla.voczilla",
            "certificate_hash": "feabbc2146ec0f4edb52600831e546b2c1a988bd"
          }
        },
        {
          "client_id": "275313479574-g38hqcadj5188kq69vpg9tkbdvdk7pqs.apps.googleusercontent.com",
          "client_type": 3
        }
      ],
      "api_key": [
        {
          "current_key": "AIzaSyACEQiRIO3D6RhTcl5NGzn_ugpWSHbYPt4"
        }
      ],
      "services": {
        "appinvite_service": {
          "other_platform_oauth_client": [
            {
              "client_id": "275313479574-g38hqcadj5188kq69vpg9tkbdvdk7pqs.apps.googleusercontent.com",
              "client_type": 3
            },
            {
              "client_id": "275313479574-kprstmafer4av3da9lsu3dh7insd2v7m.apps.googleusercontent.com",
              "client_type": 2,
              "ios_info": {
                "bundle_id": "com.geoffreypetain.voczilla.voczilla"
              }
            }
          ]
        }
      }
    }
  ],
  "configuration_version": "1"
}